tariff,mode,M0,M1,M2,M3A,M3B,M3C,M4A,M4B,M4C
T0,flat,0.0000,9.0842,14.8988,20.8220,,,18.0112,,
T0,tou,0.0000,9.2353,14.7506,20.7510,,,17.9334,,
T0,dynamic,0.0000,3.9729,13.0109,17.8237,34.9365,69.4294,15.1915,37.3900,23.5742
T1,flat,0.0000,7.1374,15.2848,13.3283,,,15.3545,,
T1,tou,0.0000,7.2089,15.2164,13.3110,,,15.3395,,
T1,dynamic,0.0000,4.6203,14.2772,12.0467,18.8382,33.4672,13.9057,23.2262,16.6971
T2,flat,0.0000,7.3763,8.6169,9.4788,,,15.4116,,
T2,tou,0.0000,7.4480,8.4864,9.5215,,,15.5710,,
T2,dynamic,0.0000,4.8520,7.8455,8.3646,14.7996,29.5054,14.1213,24.6644,19.2017
T3,flat,0.0000,7.2673,11.5826,11.2504,,,15.3393,,
T3,tou,0.0000,7.3389,11.4952,11.2582,,,15.4618,,
T3,dynamic,0.0000,4.7463,10.7082,10.0559,16.0008,30.9028,14.0233,23.7656,17.4740
