mode,config,pi_loc,cv_savings,is_optimal
flat,M1,0.060000,0.560550,False
flat,M1,0.070000,0.183752,True
flat,M1,0.080000,0.269702,False
flat,M1,0.090000,0.604893,False
flat,M1,0.100000,0.927975,False
flat,M1,0.110000,1.231529,False
flat,M1,0.120000,1.516169,False
flat,M2,0.060000,1.005127,True
flat,M2,0.070000,1.092135,False
flat,M2,0.080000,1.176810,False
flat,M2,0.090000,1.259230,False
flat,M2,0.100000,1.339474,False
flat,M2,0.110000,1.417622,False
flat,M2,0.120000,1.493749,False
flat,M3A,0.060000,0.105904,True
flat,M3A,0.070000,0.411237,False
flat,M3A,0.080000,0.709738,False
flat,M3A,0.090000,0.990646,False
flat,M3A,0.100000,1.254794,False
flat,M3A,0.110000,1.503485,False
flat,M3A,0.120000,1.737983,False
flat,M4A,0.060000,0.048830,True
flat,M4A,0.070000,0.352130,False
flat,M4A,0.080000,0.673402,False
flat,M4A,0.090000,0.963733,False
flat,M4A,0.100000,1.226871,False
flat,M4A,0.110000,1.466371,False
flat,M4A,0.120000,1.685255,False
tou,M1,0.060000,0.558895,False
tou,M1,0.070000,0.183367,True
tou,M1,0.080000,0.266284,False
tou,M1,0.090000,0.597771,False
tou,M1,0.100000,0.916502,False
tou,M1,0.110000,1.215212,False
tou,M1,0.120000,1.494646,False
tou,M2,0.060000,0.996238,True
tou,M2,0.070000,1.084741,False
tou,M2,0.080000,1.170759,False
tou,M2,0.090000,1.254387,False
tou,M2,0.100000,1.335719,False
tou,M2,0.110000,1.414844,False
tou,M2,0.120000,1.491848,False
tou,M3A,0.060000,0.054565,True
tou,M3A,0.070000,0.358582,False
tou,M3A,0.080000,0.670546,False
tou,M3A,0.090000,0.962515,False
tou,M3A,0.100000,1.235714,False
tou,M3A,0.110000,1.491770,False
tou,M3A,0.120000,1.732208,False
tou,M4A,0.060000,0.076922,True
tou,M4A,0.070000,0.312905,False
tou,M4A,0.080000,0.649238,False
tou,M4A,0.090000,0.951229,False
tou,M4A,0.100000,1.223494,False
tou,M4A,0.110000,1.470157,False
tou,M4A,0.120000,1.694650,False
dynamic,M1,0.060000,0.551256,False
dynamic,M1,0.070000,0.290125,True
dynamic,M1,0.080000,0.918630,False
dynamic,M1,0.090000,1.570184,False
dynamic,M1,0.100000,2.201204,False
dynamic,M1,0.110000,2.809227,False
dynamic,M1,0.120000,3.394677,False
dynamic,M2,0.060000,1.281334,True
dynamic,M2,0.070000,1.380591,False
dynamic,M2,0.080000,1.478646,False
dynamic,M2,0.090000,1.575493,False
dynamic,M2,0.100000,1.671135,False
dynamic,M2,0.110000,1.765580,False
dynamic,M2,0.120000,1.858839,False
dynamic,M3A,0.060000,0.215367,True
dynamic,M3A,0.070000,0.532669,False
dynamic,M3A,0.080000,0.845541,False
dynamic,M3A,0.090000,1.153042,False
dynamic,M3A,0.100000,1.455163,False
dynamic,M3A,0.110000,1.752004,False
dynamic,M3A,0.120000,2.043685,False
dynamic,M3B,0.060000,0.559158,True
dynamic,M3B,0.070000,0.575123,False
dynamic,M3B,0.080000,0.610573,False
dynamic,M3B,0.090000,0.655798,False
dynamic,M3B,0.100000,0.704833,False
dynamic,M3B,0.110000,0.754348,False
dynamic,M3B,0.120000,0.802601,False
dynamic,M3C,0.060000,0.343744,True
dynamic,M3C,0.070000,0.368019,False
dynamic,M3C,0.080000,0.396638,False
dynamic,M3C,0.090000,0.428491,False
dynamic,M3C,0.100000,0.462698,False
dynamic,M3C,0.110000,0.498586,False
dynamic,M3C,0.120000,0.535647,False
dynamic,M4A,0.060000,0.152743,True
dynamic,M4A,0.070000,0.500418,False
dynamic,M4A,0.080000,0.832336,False
dynamic,M4A,0.090000,1.146304,False
dynamic,M4A,0.100000,1.443458,False
dynamic,M4A,0.110000,1.725045,False
dynamic,M4A,0.120000,1.992231,False
dynamic,M4B,0.060000,0.278092,True
dynamic,M4B,0.070000,0.397528,False
dynamic,M4B,0.080000,0.550101,False
dynamic,M4B,0.090000,0.751416,False
dynamic,M4B,0.100000,1.029000,False
dynamic,M4B,0.110000,1.436104,False
dynamic,M4B,0.120000,2.090744,False
dynamic,M4C,0.060000,0.297007,True
dynamic,M4C,0.070000,0.497938,False
dynamic,M4C,0.080000,0.713134,False
dynamic,M4C,0.090000,0.943685,False
dynamic,M4C,0.100000,1.191145,False
dynamic,M4C,0.110000,1.457384,False
dynamic,M4C,0.120000,1.744590,False
