mode,config,model,design,pi_loc_optimal,household,group,is_pv,cost_m0,cost_mx,savings_pct
dynamic,M1,M1,-,0.0800,1,PV,1,648.2332,627.3059,3.2284
dynamic,M1,M1,-,0.0800,5,PV,1,762.2026,728.3505,4.4413
dynamic,M1,M1,-,0.0800,6,PV,1,1404.6315,1318.9039,6.1032
dynamic,M1,M1,-,0.0800,10,Non-PV,0,910.5991,866.8261,4.8071
dynamic,M1,M1,-,0.0800,11,Non-PV,0,2277.6985,2194.7360,3.6424
dynamic,M1,M1,-,0.0800,7,Non-PV,0,729.5273,679.9616,6.7942
dynamic,M1,M1,-,0.0800,9,Non-PV,0,719.2318,682.3414,5.1291
dynamic,M2,M2,-,0.0600,1,PV,1,648.2332,534.8300,17.4942
dynamic,M2,M2,-,0.0600,5,PV,1,762.2026,708.3556,7.0647
dynamic,M2,M2,-,0.0600,6,PV,1,1404.6315,884.0270,37.0634
dynamic,M2,M2,-,0.0600,10,Non-PV,0,910.5991,886.9571,2.5963
dynamic,M2,M2,-,0.0600,11,Non-PV,0,2277.6985,2233.4621,1.9422
dynamic,M2,M2,-,0.0600,7,Non-PV,0,729.5273,708.3238,2.9065
dynamic,M2,M2,-,0.0600,9,Non-PV,0,719.2318,698.1827,2.9266
dynamic,M3A,M3,A,0.0600,1,PV,1,648.2332,614.1628,5.2559
dynamic,M3A,M3,A,0.0600,5,PV,1,762.2026,713.3941,6.4036
dynamic,M3A,M3,A,0.0600,6,PV,1,1404.6315,1222.7172,12.9510
dynamic,M3A,M3,A,0.0600,10,Non-PV,0,910.5991,824.6376,9.4401
dynamic,M3A,M3,A,0.0600,11,Non-PV,0,2277.6985,1979.5529,13.0898
dynamic,M3A,M3,A,0.0600,7,Non-PV,0,729.5273,683.1401,6.3585
dynamic,M3A,M3,A,0.0600,9,Non-PV,0,719.2318,665.1433,7.5203
dynamic,M3B,M3,B,0.0600,1,PV,1,648.2332,612.6345,5.4916
dynamic,M3B,M3,B,0.0600,5,PV,1,762.2026,711.7940,6.6135
dynamic,M3B,M3,B,0.0600,6,PV,1,1404.6315,978.3190,30.3505
dynamic,M3B,M3,B,0.0600,10,Non-PV,0,910.5991,819.8492,9.9660
dynamic,M3B,M3,B,0.0600,11,Non-PV,0,2277.6985,1761.8743,22.6467
dynamic,M3B,M3,B,0.0600,7,Non-PV,0,729.5273,685.8634,5.9852
dynamic,M3B,M3,B,0.0600,9,Non-PV,0,719.2318,689.3909,4.1490
dynamic,M3C,M3,C,0.0600,1,PV,1,648.2332,409.3429,36.8525
dynamic,M3C,M3,C,0.0600,5,PV,1,762.2026,506.6010,33.5346
dynamic,M3C,M3,C,0.0600,6,PV,1,1404.6315,934.6939,33.4563
dynamic,M3C,M3,C,0.0600,10,Non-PV,0,910.5991,620.5190,31.8560
dynamic,M3C,M3,C,0.0600,11,Non-PV,0,2277.6985,1732.8785,23.9198
dynamic,M3C,M3,C,0.0600,7,Non-PV,0,729.5273,475.0847,34.8777
dynamic,M3C,M3,C,0.0600,9,Non-PV,0,719.2318,470.0900,34.6400
dynamic,M4A,M4,A,0.0600,1,PV,1,648.2332,563.7603,13.0312
dynamic,M4A,M4,A,0.0600,5,PV,1,762.2026,660.5149,13.3413
dynamic,M4A,M4,A,0.0600,6,PV,1,1404.6315,1207.4146,14.0405
dynamic,M4A,M4,A,0.0600,10,Non-PV,0,910.5991,775.6431,14.8206
dynamic,M4A,M4,A,0.0600,11,Non-PV,0,2277.6985,1961.7733,13.8704
dynamic,M4A,M4,A,0.0600,7,Non-PV,0,729.5273,626.2764,14.1531
dynamic,M4A,M4,A,0.0600,9,Non-PV,0,719.2318,611.7055,14.9502
dynamic,M4B,M4,B,0.0600,1,PV,1,648.2332,506.8868,21.8049
dynamic,M4B,M4,B,0.0600,5,PV,1,762.2026,602.4116,20.9644
dynamic,M4B,M4,B,0.0600,6,PV,1,1404.6315,966.4175,31.1978
dynamic,M4B,M4,B,0.0600,10,Non-PV,0,910.5991,717.2082,21.2378
dynamic,M4B,M4,B,0.0600,11,Non-PV,0,2277.6985,1743.0690,23.4724
dynamic,M4B,M4,B,0.0600,7,Non-PV,0,729.5273,570.1720,21.8436
dynamic,M4B,M4,B,0.0600,9,Non-PV,0,719.2318,574.9174,20.0651
dynamic,M4C,M4,C,0.0600,1,PV,1,648.2332,542.2071,16.3562
dynamic,M4C,M4,C,0.0600,5,PV,1,762.2026,637.4401,16.3687
dynamic,M4C,M4,C,0.0600,6,PV,1,1404.6315,1111.0783,20.8989
dynamic,M4C,M4,C,0.0600,10,Non-PV,0,910.5991,755.1996,17.0656
dynamic,M4C,M4,C,0.0600,11,Non-PV,0,2277.6985,1902.4661,16.4742
dynamic,M4C,M4,C,0.0600,7,Non-PV,0,729.5273,602.5654,17.4033
dynamic,M4C,M4,C,0.0600,9,Non-PV,0,719.2318,598.9835,16.7190
flat,M1,M1,-,0.0900,1,PV,1,613.8906,585.8149,4.5734
flat,M1,M1,-,0.0900,5,PV,1,738.9523,697.6718,5.5864
flat,M1,M1,-,0.0900,6,PV,1,1270.5730,1141.9983,10.1194
flat,M1,M1,-,0.0900,10,Non-PV,0,909.2026,842.9177,7.2904
flat,M1,M1,-,0.0900,11,Non-PV,0,2266.7177,2116.0641,6.6463
flat,M1,M1,-,0.0900,7,Non-PV,0,716.3199,657.0164,8.2789
flat,M1,M1,-,0.0900,9,Non-PV,0,714.3831,663.1282,7.1747
flat,M2,M2,-,0.0600,1,PV,1,613.8906,510.7118,16.8073
flat,M2,M2,-,0.0600,5,PV,1,738.9523,692.1060,6.3396
flat,M2,M2,-,0.0600,6,PV,1,1270.5730,806.6468,36.5131
flat,M2,M2,-,0.0600,10,Non-PV,0,909.2026,864.6342,4.9019
flat,M2,M2,-,0.0600,11,Non-PV,0,2266.7177,2155.8317,4.8919
flat,M2,M2,-,0.0600,7,Non-PV,0,716.3199,683.3915,4.5969
flat,M2,M2,-,0.0600,9,Non-PV,0,714.3831,679.2876,4.9127
flat,M3A,M3,A,0.0600,1,PV,1,613.8906,590.6696,3.7826
flat,M3A,M3,A,0.0600,5,PV,1,738.9523,688.3775,6.8441
flat,M3A,M3,A,0.0600,6,PV,1,1270.5730,1120.2134,11.8340
flat,M3A,M3,A,0.0600,10,Non-PV,0,909.2026,806.7664,11.2666
flat,M3A,M3,A,0.0600,11,Non-PV,0,2266.7177,1897.4112,16.2926
flat,M3A,M3,A,0.0600,7,Non-PV,0,716.3199,662.6348,7.4946
flat,M3A,M3,A,0.0600,9,Non-PV,0,714.3831,650.5547,8.9348
flat,M4A,M4,A,0.0600,1,PV,1,613.8906,539.8796,12.0560
flat,M4A,M4,A,0.0600,5,PV,1,738.9523,635.4624,14.0050
flat,M4A,M4,A,0.0600,6,PV,1,1270.5730,1105.4380,12.9969
flat,M4A,M4,A,0.0600,10,Non-PV,0,909.2026,757.0624,16.7334
flat,M4A,M4,A,0.0600,11,Non-PV,0,2266.7177,1880.9459,17.0190
flat,M4A,M4,A,0.0600,7,Non-PV,0,716.3199,605.5518,15.4635
flat,M4A,M4,A,0.0600,9,Non-PV,0,714.3831,596.6612,16.4788
tou,M1,M1,-,0.0900,1,PV,1,611.9215,583.7605,4.6021
tou,M1,M1,-,0.0900,5,PV,1,739.9085,698.0991,5.6506
tou,M1,M1,-,0.0900,6,PV,1,1263.8516,1135.2760,10.1733
tou,M1,M1,-,0.0900,10,Non-PV,0,908.2678,841.5448,7.3462
tou,M1,M1,-,0.0900,11,Non-PV,0,2265.4270,2112.3451,6.7573
tou,M1,M1,-,0.0900,7,Non-PV,0,718.3988,658.2532,8.3722
tou,M1,M1,-,0.0900,9,Non-PV,0,713.7763,662.2892,7.2133
tou,M2,M2,-,0.0600,1,PV,1,611.9215,510.7672,16.5306
tou,M2,M2,-,0.0600,5,PV,1,739.9085,692.2487,6.4413
tou,M2,M2,-,0.0600,6,PV,1,1263.8516,806.8053,36.1630
tou,M2,M2,-,0.0600,10,Non-PV,0,908.2678,863.5636,4.9219
tou,M2,M2,-,0.0600,11,Non-PV,0,2265.4270,2154.0387,4.9169
tou,M2,M2,-,0.0600,7,Non-PV,0,718.3988,685.2667,4.6119
tou,M2,M2,-,0.0600,9,Non-PV,0,713.7763,678.7310,4.9098
tou,M3A,M3,A,0.0600,1,PV,1,611.9215,595.3218,2.7127
tou,M3A,M3,A,0.0600,5,PV,1,739.9085,682.8046,7.7177
tou,M3A,M3,A,0.0600,6,PV,1,1263.8516,1135.9552,10.1196
tou,M3A,M3,A,0.0600,10,Non-PV,0,908.2678,802.9414,11.5964
tou,M3A,M3,A,0.0600,11,Non-PV,0,2265.4270,1887.6028,16.6778
tou,M3A,M3,A,0.0600,7,Non-PV,0,718.3988,655.5641,8.7465
tou,M3A,M3,A,0.0600,9,Non-PV,0,713.7763,648.3437,9.1671
tou,M4A,M4,A,0.0700,1,PV,1,611.9215,528.3996,13.6491
tou,M4A,M4,A,0.0700,5,PV,1,739.9085,637.6100,13.8258
tou,M4A,M4,A,0.0700,6,PV,1,1263.8516,1031.3583,18.3956
tou,M4A,M4,A,0.0700,10,Non-PV,0,908.2678,769.0806,15.3245
tou,M4A,M4,A,0.0700,11,Non-PV,0,2265.4270,1924.3642,15.0551
tou,M4A,M4,A,0.0700,7,Non-PV,0,718.3988,609.4356,15.1675
tou,M4A,M4,A,0.0700,9,Non-PV,0,713.7763,604.7240,15.2782
