label,model,mode,design,pi_loc,total_cost,savings_pct,cv_savings,pv_mean_savings,nopv_mean_savings,third_party_revenue,tariff
M0,M0,flat,-,,3532.4352,0.0000,,,,,T0
M0,M0,tou,-,,3523.9475,0.0000,,,,,T0
M0,M0,dynamic,-,,3754.5200,0.0000,,,,,T0
M1,M1,dynamic,-,0.0700,3605.3562,3.9729,0.2901,4.9203,3.5719,,T0
M1,M1,flat,-,0.0700,3211.5424,9.0842,0.1838,7.1474,10.1741,,T0
M1,M1,tou,-,0.0700,3198.4987,9.2353,0.1834,7.2693,10.3279,,T0
M2,M2,dynamic,-,0.0600,3266.0224,13.0109,1.2813,31.8436,1.3450,,T0
M2,M2,flat,-,0.0600,3006.1434,14.8988,1.0051,32.6714,5.7921,,T0
M2,M2,tou,-,0.0600,3004.1428,14.7506,0.9962,32.1659,5.8812,,T0
M3A,M3,dynamic,A,0.0600,3085.3242,17.8237,0.2154,21.0471,15.4487,,T0
M3A,M3,flat,A,0.0600,2796.9103,20.8220,0.1059,21.0141,19.8378,,T0
M3A,M3,tou,A,0.0600,2792.6922,20.7510,0.0546,19.8978,20.4302,,T0
M3B,M3,dynamic,B,0.0600,2442.8226,34.9365,0.5592,40.8627,21.7330,,T0
M3C,M3,dynamic,C,0.0600,1147.7806,69.4294,0.3437,106.6851,77.8025,,T0
M4A,M4,dynamic,A,0.0600,3184.1509,15.1915,0.1527,17.7921,14.1631,98.8267,T0
M4A,M4,flat,A,0.0600,2896.2003,18.0112,0.0488,17.2334,18.5563,99.2900,T0
M4A,M4,tou,A,0.0600,2891.9822,17.9334,0.0769,16.3695,18.9649,99.2900,T0
M4B,M4,dynamic,B,0.0600,2350.7038,37.3900,0.2781,48.5789,31.3171,-92.1188,T0
M4C,M4,dynamic,C,0.0600,2869.4203,23.5742,0.2970,30.9906,19.5535,1721.6397,T0
M0,M0,flat,-,,7230.0229,0.0000,,,,,T1
M0,M0,tou,-,,7221.5352,0.0000,,,,,T1
M0,M0,dynamic,-,,7452.1078,0.0000,,,,,T1
M1,M1,dynamic,-,0.0800,7107.7976,4.6203,0.1671,4.3772,4.7994,,T1
M1,M1,flat,-,0.0900,6713.9838,7.1374,0.1645,6.5054,7.1747,,T1
M1,M1,tou,-,0.0900,6700.9402,7.2089,0.1635,6.5563,7.2536,,T1
M2,M2,dynamic,-,0.0600,6388.1563,14.2772,1.1896,28.2595,2.4404,,T1
M2,M2,flat,-,0.0600,6124.9318,15.2848,1.0327,28.2219,4.7922,,T1
M2,M2,tou,-,0.0600,6122.6791,15.2164,1.0265,28.0803,4.8257,,T1
M3A,M3,dynamic,A,0.0600,6554.3755,12.0467,0.2355,10.2076,10.8322,,T1
M3A,M3,flat,A,0.0600,6266.3814,13.3283,0.2856,9.4721,12.8697,,T1
M3A,M3,tou,A,0.0700,6260.2768,13.3110,0.2806,11.4849,11.5115,,T1
M3B,M3,dynamic,B,0.0600,6048.2625,18.8382,0.5137,16.8352,13.2215,,T1
M3C,M3,dynamic,C,0.0600,4958.0972,33.4672,0.2010,40.3489,36.8413,,T1
M4A,M4,dynamic,A,0.0600,6415.8422,13.9057,0.0375,13.3254,14.2462,-138.5333,T1
M4A,M4,flat,A,0.0700,6119.8892,15.3545,0.1000,15.3482,14.6409,-146.4922,T1
M4A,M4,tou,A,0.0700,6113.7846,15.3395,0.0588,15.0434,15.0358,-146.4922,T1
M4B,M4,dynamic,B,0.0600,5721.2637,23.2262,0.1020,24.3486,21.4973,-326.9988,T1
M4C,M4,dynamic,C,0.0600,6207.8223,16.6971,0.0535,17.0641,16.3183,1249.7251,T1
M0,M0,flat,-,,7230.0324,0.0000,,,,,T2
M0,M0,tou,-,,7221.5447,0.0000,,,,,T2
M0,M0,dynamic,-,,7452.1172,0.0000,,,,,T2
M1,M1,dynamic,-,0.0800,7090.5401,4.8520,0.3069,4.8399,5.2180,,T2
M1,M1,flat,-,0.0800,6696.7263,7.3763,0.2560,5.6713,8.3196,,T2
M1,M1,tou,-,0.0800,6683.6826,7.4480,0.2560,5.7133,8.3930,,T2
M2,M2,dynamic,-,0.0600,6867.4612,7.8455,1.1173,14.7436,2.6451,,T2
M2,M2,flat,-,0.0600,6607.0290,8.6169,0.8670,13.6939,4.7654,,T2
M2,M2,tou,-,0.0600,6608.6989,8.4864,0.8628,13.2970,4.8243,,T2
M3A,M3,dynamic,A,0.0600,6828.7780,8.3646,0.4244,6.7345,7.7791,,T2
M3A,M3,flat,A,0.0600,6544.7093,9.4788,0.4990,5.7870,9.6942,,T2
M3A,M3,tou,A,0.0600,6533.9478,9.5215,0.5089,5.2103,10.2000,,T2
M3B,M3,dynamic,B,0.0600,6349.2315,14.7996,0.9460,13.9499,9.8956,,T2
M3C,M3,dynamic,C,0.0600,5253.3368,29.5054,0.1154,32.2568,28.1022,,T2
M4A,M4,dynamic,A,0.0600,6399.7832,14.1213,0.0576,13.6471,14.5471,-428.9948,T2
M4A,M4,flat,A,0.0600,6115.7711,15.4116,0.1231,13.0679,16.5318,-428.9382,T2
M4A,M4,tou,A,0.0700,6097.0745,15.5710,0.1235,15.6746,15.3114,-436.8732,T2
M4B,M4,dynamic,B,0.0600,5614.0964,24.6644,0.2141,25.9012,22.1778,-735.1350,T2
M4C,M4,dynamic,C,0.0600,6021.1817,19.2017,0.1385,20.0536,18.1456,767.8449,T2
M0,M0,flat,-,,7230.0392,0.0000,,,,,T3
M0,M0,tou,-,,7221.5515,0.0000,,,,,T3
M0,M0,dynamic,-,,7452.1241,0.0000,,,,,T3
M1,M1,dynamic,-,0.0800,7098.4253,4.7463,0.2411,4.5910,5.0932,,T3
M1,M1,flat,-,0.0900,6704.6115,7.2673,0.2348,6.7597,7.3476,,T3
M1,M1,tou,-,0.0900,6691.5678,7.3389,0.2336,6.8087,7.4223,,T3
M2,M2,dynamic,-,0.0600,6654.1383,10.7082,1.1718,20.5408,2.5929,,T3
M2,M2,flat,-,0.0600,6392.6097,11.5826,0.9817,19.8867,4.8259,,T3
M2,M2,tou,-,0.0600,6391.4212,11.4952,0.9746,19.7116,4.8401,,T3
M3A,M3,dynamic,A,0.0600,6702.7480,10.0559,0.3411,8.2035,9.1022,,T3
M3A,M3,flat,A,0.0600,6416.6275,11.2504,0.3957,7.4869,10.9971,,T3
M3A,M3,tou,A,0.0600,6408.5336,11.2582,0.4086,6.8500,11.5470,,T3
M3B,M3,dynamic,B,0.0600,6259.7253,16.0008,0.7752,14.1519,10.6867,,T3
M3C,M3,dynamic,C,0.0600,5149.2099,30.9028,0.1182,34.6145,31.3234,,T3
M4A,M4,dynamic,A,0.0600,6407.0882,14.0233,0.0465,13.4710,14.4486,-295.6598,T3
M4A,M4,flat,A,0.0600,6121.0015,15.3393,0.1215,13.0193,16.4237,-295.6260,T3
M4A,M4,tou,A,0.0700,6104.9725,15.4618,0.0945,15.2902,15.2063,-303.5611,T3
M4B,M4,dynamic,B,0.0600,5681.0826,23.7656,0.1528,24.6557,21.6547,-578.6427,T3
M4C,M4,dynamic,C,0.0600,6149.9401,17.4740,0.0867,17.8746,16.9155,1000.7302,T3
