label,tariff,pi_loc,savings_pct,cv_savings,pv_mean_savings,nopv_mean_savings,pv_gap
M1,T0,0.0700,3.9729,0.2901,4.9203,3.5719,1.3484
M2,T0,0.0600,13.0109,1.2813,31.8436,1.3450,30.4986
M3A,T0,0.0600,17.8237,0.2154,21.0471,15.4487,5.5984
M3B,T0,0.0600,34.9365,0.5592,40.8627,21.7330,19.1297
M3C,T0,0.0600,69.4294,0.3437,106.6851,77.8025,28.8826
M4A,T0,0.0600,15.1915,0.1527,17.7921,14.1631,3.6290
M4B,T0,0.0600,37.3900,0.2781,48.5789,31.3171,17.2618
M4C,T0,0.0600,23.5742,0.2970,30.9906,19.5535,11.4371
M1,T1,0.0800,4.6203,0.1671,4.3772,4.7994,-0.4222
M2,T1,0.0600,14.2772,1.1896,28.2595,2.4404,25.8191
M3A,T1,0.0600,12.0467,0.2355,10.2076,10.8322,-0.6246
M3B,T1,0.0600,18.8382,0.5137,16.8352,13.2215,3.6137
M3C,T1,0.0600,33.4672,0.2010,40.3489,36.8413,3.5076
M4A,T1,0.0600,13.9057,0.0375,13.3254,14.2462,-0.9208
M4B,T1,0.0600,23.2262,0.1020,24.3486,21.4973,2.8513
M4C,T1,0.0600,16.6971,0.0535,17.0641,16.3183,0.7458
M1,T2,0.0800,4.8520,0.3069,4.8399,5.2180,-0.3781
M2,T2,0.0600,7.8455,1.1173,14.7436,2.6451,12.0985
M3A,T2,0.0600,8.3646,0.4244,6.7345,7.7791,-1.0446
M3B,T2,0.0600,14.7996,0.9460,13.9499,9.8956,4.0543
M3C,T2,0.0600,29.5054,0.1154,32.2568,28.1022,4.1546
M4A,T2,0.0600,14.1213,0.0576,13.6471,14.5471,-0.9000
M4B,T2,0.0600,24.6644,0.2141,25.9012,22.1778,3.7234
M4C,T2,0.0600,19.2017,0.1385,20.0536,18.1456,1.9080
M1,T3,0.0800,4.7463,0.2411,4.5910,5.0932,-0.5022
M2,T3,0.0600,10.7082,1.1718,20.5408,2.5929,17.9479
M3A,T3,0.0600,10.0559,0.3411,8.2035,9.1022,-0.8987
M3B,T3,0.0600,16.0008,0.7752,14.1519,10.6867,3.4652
M3C,T3,0.0600,30.9028,0.1182,34.6145,31.3234,3.2911
M4A,T3,0.0600,14.0233,0.0465,13.4710,14.4486,-0.9776
M4B,T3,0.0600,23.7656,0.1528,24.6557,21.6547,3.0010
M4C,T3,0.0600,17.4740,0.0867,17.8746,16.9155,0.9591
