tariff,label,mode,delta,cost,savings_pct
T1,M1,flat,0.0000,6909.1301,4.4383
T1,M1,flat,0.2000,6811.5570,5.7879
T1,M1,flat,0.4000,6713.9838,7.1374
T1,M1,flat,0.6000,6616.4106,8.4870
T1,M1,flat,1.0000,6421.2643,11.1861
T1,M2,flat,0.0000,6215.4398,14.0329
T1,M2,flat,0.2000,6170.1858,14.6588
T1,M2,flat,0.4000,6124.9318,15.2848
T1,M2,flat,0.6000,6079.6778,15.9107
T1,M2,flat,1.0000,5989.1698,17.1625
T1,M3A,flat,0.0000,6732.3452,6.8835
T1,M3A,flat,0.2000,6499.3633,10.1059
T1,M3A,flat,0.4000,6266.3814,13.3283
T1,M3A,flat,0.6000,6033.3995,16.5508
T1,M3A,flat,1.0000,5567.4358,22.9956
T1,M4A,flat,0.0000,6585.8530,8.9097
T1,M4A,flat,0.2000,6352.8711,12.1321
T1,M4A,flat,0.4000,6119.8892,15.3545
T1,M4A,flat,0.6000,5886.9073,18.5769
T1,M4A,flat,1.0000,5420.9436,25.0218
T1,M1,tou,0.0000,6896.0865,4.5066
T1,M1,tou,0.2000,6798.5133,5.8578
T1,M1,tou,0.4000,6700.9402,7.2089
T1,M1,tou,0.6000,6603.3670,8.5601
T1,M1,tou,1.0000,6408.2207,11.2624
T1,M2,tou,0.0000,6213.7683,13.9550
T1,M2,tou,0.2000,6168.2237,14.5857
T1,M2,tou,0.4000,6122.6791,15.2164
T1,M2,tou,0.6000,6077.1345,15.8471
T1,M2,tou,1.0000,5986.0452,17.1084
T1,M3A,tou,0.0000,6728.1270,6.8325
T1,M3A,tou,0.2000,6494.2019,10.0717
T1,M3A,tou,0.4000,6260.2768,13.3110
T1,M3A,tou,0.6000,6026.3517,16.5503
T1,M3A,tou,1.0000,5558.5015,23.0288
T1,M4A,tou,0.0000,6581.6348,8.8610
T1,M4A,tou,0.2000,6347.7097,12.1003
T1,M4A,tou,0.4000,6113.7846,15.3395
T1,M4A,tou,0.6000,5879.8595,18.5788
T1,M4A,tou,1.0000,5412.0093,25.0574
T1,M1,dynamic,0.0000,7302.9440,2.0016
T1,M1,dynamic,0.2000,7205.3708,3.3110
T1,M1,dynamic,0.4000,7107.7976,4.6203
T1,M1,dynamic,0.6000,7010.2245,5.9296
T1,M1,dynamic,1.0000,6815.0782,8.5483
T1,M2,dynamic,0.0000,6482.2571,13.0144
T1,M2,dynamic,0.2000,6435.2067,13.6458
T1,M2,dynamic,0.4000,6388.1563,14.2772
T1,M2,dynamic,0.6000,6341.1059,14.9086
T1,M2,dynamic,1.0000,6247.0050,16.1713
T1,M3A,dynamic,0.0000,7020.7358,5.7886
T1,M3A,dynamic,0.2000,6787.5557,8.9176
T1,M3A,dynamic,0.4000,6554.3755,12.0467
T1,M3A,dynamic,0.6000,6321.1954,15.1757
T1,M3A,dynamic,1.0000,5854.8351,21.4338
T1,M3B,dynamic,0.0000,6481.4535,13.0252
T1,M3B,dynamic,0.2000,6264.8580,15.9317
T1,M3B,dynamic,0.4000,6048.2625,18.8382
T1,M3B,dynamic,0.6000,5831.6670,21.7447
T1,M3B,dynamic,1.0000,5398.4761,27.5577
T1,M3C,dynamic,0.0000,5440.4140,26.9950
T1,M3C,dynamic,0.2000,5199.2556,30.2311
T1,M3C,dynamic,0.4000,4958.0972,33.4672
T1,M3C,dynamic,0.6000,4716.9387,36.7033
T1,M3C,dynamic,1.0000,4234.6219,43.1755
T1,M4A,dynamic,0.0000,6882.2025,7.6476
T1,M4A,dynamic,0.2000,6649.0223,10.7766
T1,M4A,dynamic,0.4000,6415.8422,13.9057
T1,M4A,dynamic,0.6000,6182.6621,17.0347
T1,M4A,dynamic,1.0000,5716.3018,23.2928
T1,M4B,dynamic,0.0000,6154.4546,17.4132
T1,M4B,dynamic,0.2000,5937.8591,20.3197
T1,M4B,dynamic,0.4000,5721.2637,23.2262
T1,M4B,dynamic,0.6000,5504.6682,26.1327
T1,M4B,dynamic,1.0000,5071.4772,31.9457
T1,M4C,dynamic,0.0000,6690.1392,10.2249
T1,M4C,dynamic,0.2000,6448.9807,13.4610
T1,M4C,dynamic,0.4000,6207.8223,16.6971
T1,M4C,dynamic,0.6000,5966.6639,19.9332
T1,M4C,dynamic,1.0000,5484.3470,26.4054
T2,M1,flat,0.0000,6909.1396,4.4383
T2,M1,flat,0.2000,6802.9329,5.9073
T2,M1,flat,0.4000,6696.7263,7.3763
T2,M1,flat,0.6000,6590.5197,8.8452
T2,M1,flat,1.0000,6378.1064,11.7832
T2,M2,flat,0.0000,6706.7685,7.2374
T2,M2,flat,0.2000,6656.8987,7.9271
T2,M2,flat,0.4000,6607.0290,8.6169
T2,M2,flat,0.6000,6557.1592,9.3066
T2,M2,flat,1.0000,6457.4196,10.6862
T2,M3A,flat,0.0000,7022.7356,2.8672
T2,M3A,flat,0.2000,6783.7225,6.1730
T2,M3A,flat,0.4000,6544.7093,9.4788
T2,M3A,flat,0.6000,6305.6961,12.7847
T2,M3A,flat,1.0000,5827.6698,19.3964
T2,M4A,flat,0.0000,6593.7975,8.7999
T2,M4A,flat,0.2000,6354.7843,12.1057
T2,M4A,flat,0.4000,6115.7711,15.4116
T2,M4A,flat,0.6000,5876.7580,18.7174
T2,M4A,flat,1.0000,5398.7316,25.3291
T2,M1,tou,0.0000,6896.0959,4.5066
T2,M1,tou,0.2000,6789.8893,5.9773
T2,M1,tou,0.4000,6683.6826,7.4480
T2,M1,tou,0.6000,6577.4760,8.9187
T2,M1,tou,1.0000,6365.0627,11.8601
T2,M2,tou,0.0000,6706.8361,7.1274
T2,M2,tou,0.2000,6657.7675,7.8069
T2,M2,tou,0.4000,6608.6989,8.4864
T2,M2,tou,0.6000,6559.6302,9.1658
T2,M2,tou,1.0000,6461.4929,10.5248
T2,M3A,tou,0.0000,7018.5175,2.8114
T2,M3A,tou,0.2000,6776.2326,6.1664
T2,M3A,tou,0.4000,6533.9478,9.5215
T2,M3A,tou,0.6000,6291.6629,12.8765
T2,M3A,tou,1.0000,5807.0931,19.5866
T2,M4A,tou,0.0000,6581.6443,8.8610
T2,M4A,tou,0.2000,6339.3594,12.2160
T2,M4A,tou,0.4000,6097.0745,15.5710
T2,M4A,tou,0.6000,5854.7897,18.9261
T2,M4A,tou,1.0000,5370.2199,25.6361
T2,M1,dynamic,0.0000,7302.9534,2.0016
T2,M1,dynamic,0.2000,7196.7468,3.4268
T2,M1,dynamic,0.4000,7090.5401,4.8520
T2,M1,dynamic,0.6000,6984.3335,6.2772
T2,M1,dynamic,1.0000,6771.9202,9.1276
T2,M2,dynamic,0.0000,6970.2273,6.4665
T2,M2,dynamic,0.2000,6918.8442,7.1560
T2,M2,dynamic,0.4000,6867.4612,7.8455
T2,M2,dynamic,0.6000,6816.0781,8.5350
T2,M2,dynamic,1.0000,6713.3121,9.9140
T2,M3A,dynamic,0.0000,7311.8010,1.8829
T2,M3A,dynamic,0.2000,7070.2895,5.1237
T2,M3A,dynamic,0.4000,6828.7780,8.3646
T2,M3A,dynamic,0.6000,6587.2664,11.6054
T2,M3A,dynamic,1.0000,6104.2434,18.0871
T2,M3B,dynamic,0.0000,6830.3152,8.3440
T2,M3B,dynamic,0.2000,6589.7733,11.5718
T2,M3B,dynamic,0.4000,6349.2315,14.7996
T2,M3B,dynamic,0.6000,6108.6896,18.0275
T2,M3B,dynamic,1.0000,5627.6059,24.4831
T2,M3C,dynamic,0.0000,5761.2576,22.6897
T2,M3C,dynamic,0.2000,5507.2972,26.0976
T2,M3C,dynamic,0.4000,5253.3368,29.5054
T2,M3C,dynamic,0.6000,4999.3764,32.9133
T2,M3C,dynamic,1.0000,4491.4556,39.7291
T2,M4A,dynamic,0.0000,6882.8062,7.6396
T2,M4A,dynamic,0.2000,6641.2947,10.8804
T2,M4A,dynamic,0.4000,6399.7832,14.1213
T2,M4A,dynamic,0.6000,6158.2716,17.3621
T2,M4A,dynamic,1.0000,5675.2486,23.8438
T2,M4B,dynamic,0.0000,6095.1801,18.2087
T2,M4B,dynamic,0.2000,5854.6383,21.4366
T2,M4B,dynamic,0.4000,5614.0964,24.6644
T2,M4B,dynamic,0.6000,5373.5546,27.8922
T2,M4B,dynamic,1.0000,4892.4709,34.3479
T2,M4C,dynamic,0.0000,6529.1025,12.3859
T2,M4C,dynamic,0.2000,6275.1421,15.7938
T2,M4C,dynamic,0.4000,6021.1817,19.2017
T2,M4C,dynamic,0.6000,5767.2213,22.6096
T2,M4C,dynamic,1.0000,5259.3005,29.4254
T3,M1,flat,0.0000,6909.1464,4.4383
T3,M1,flat,0.2000,6806.8790,5.8528
T3,M1,flat,0.4000,6704.6115,7.2673
T3,M1,flat,0.6000,6602.3440,8.6818
T3,M1,flat,1.0000,6397.8090,11.5107
T3,M2,flat,0.0000,6487.9556,10.2639
T3,M2,flat,0.2000,6440.2827,10.9233
T3,M2,flat,0.4000,6392.6097,11.5826
T3,M2,flat,0.6000,6344.9368,12.2420
T3,M2,flat,1.0000,6249.5909,13.5608
T3,M3A,flat,0.0000,6889.4303,4.7110
T3,M3A,flat,0.2000,6653.0289,7.9807
T3,M3A,flat,0.4000,6416.6275,11.2504
T3,M3A,flat,0.6000,6180.2261,14.5202
T3,M3A,flat,1.0000,5707.4233,21.0596
T3,M4A,flat,0.0000,6593.8043,8.7999
T3,M4A,flat,0.2000,6357.4029,12.0696
T3,M4A,flat,0.4000,6121.0015,15.3393
T3,M4A,flat,0.6000,5884.6001,18.6090
T3,M4A,flat,1.0000,5411.7972,25.1484
T3,M1,tou,0.0000,6896.1028,4.5066
T3,M1,tou,0.2000,6793.8353,5.9228
T3,M1,tou,0.4000,6691.5678,7.3389
T3,M1,tou,0.6000,6589.3003,8.7551
T3,M1,tou,1.0000,6384.7654,11.5873
T3,M2,tou,0.0000,6486.9702,10.1721
T3,M2,tou,0.2000,6439.1957,10.8336
T3,M2,tou,0.4000,6391.4212,11.4952
T3,M2,tou,0.6000,6343.6468,12.1567
T3,M2,tou,1.0000,6248.0978,13.4798
T3,M3A,tou,0.0000,6885.2122,4.6574
T3,M3A,tou,0.2000,6646.8729,7.9578
T3,M3A,tou,0.4000,6408.5336,11.2582
T3,M3A,tou,0.6000,6170.1943,14.5586
T3,M3A,tou,1.0000,5693.5156,21.1594
T3,M4A,tou,0.0000,6581.6511,8.8610
T3,M4A,tou,0.2000,6343.3118,12.1614
T3,M4A,tou,0.4000,6104.9725,15.4618
T3,M4A,tou,0.6000,5866.6332,18.7622
T3,M4A,tou,1.0000,5389.9545,25.3629
T3,M1,dynamic,0.0000,7302.9603,2.0016
T3,M1,dynamic,0.2000,7200.6928,3.3740
T3,M1,dynamic,0.4000,7098.4253,4.7463
T3,M1,dynamic,0.6000,6996.1578,6.1186
T3,M1,dynamic,1.0000,6791.6229,8.8633
T3,M2,dynamic,0.0000,6753.0122,9.3814
T3,M2,dynamic,0.2000,6703.5753,10.0448
T3,M2,dynamic,0.4000,6654.1383,10.7082
T3,M2,dynamic,0.6000,6604.7014,11.3716
T3,M2,dynamic,1.0000,6505.8276,12.6983
T3,M3A,dynamic,0.0000,7178.4729,3.6721
T3,M3A,dynamic,0.2000,6940.6104,6.8640
T3,M3A,dynamic,0.4000,6702.7480,10.0559
T3,M3A,dynamic,0.6000,6464.8855,13.2477
T3,M3A,dynamic,1.0000,5989.1606,19.6315
T3,M3B,dynamic,0.0000,6731.5117,9.6699
T3,M3B,dynamic,0.2000,6495.6185,12.8353
T3,M3B,dynamic,0.4000,6259.7253,16.0008
T3,M3B,dynamic,0.6000,6023.8322,19.1662
T3,M3B,dynamic,1.0000,5552.0458,25.4971
T3,M3C,dynamic,0.0000,5643.4492,24.2706
T3,M3C,dynamic,0.2000,5396.3295,27.5867
T3,M3C,dynamic,0.4000,5149.2099,30.9028
T3,M3C,dynamic,0.6000,4902.0903,34.2189
T3,M3C,dynamic,1.0000,4407.8510,40.8511
T3,M4A,dynamic,0.0000,6882.8131,7.6396
T3,M4A,dynamic,0.2000,6644.9506,10.8315
T3,M4A,dynamic,0.4000,6407.0882,14.0233
T3,M4A,dynamic,0.6000,6169.2257,17.2152
T3,M4A,dynamic,1.0000,5693.5008,23.5990
T3,M4B,dynamic,0.0000,6152.8689,17.4347
T3,M4B,dynamic,0.2000,5916.9758,20.6001
T3,M4B,dynamic,0.4000,5681.0826,23.7656
T3,M4B,dynamic,0.6000,5445.1894,26.9310
T3,M4B,dynamic,1.0000,4973.4031,33.2619
T3,M4C,dynamic,0.0000,6644.1793,10.8418
T3,M4C,dynamic,0.2000,6397.0597,14.1579
T3,M4C,dynamic,0.4000,6149.9401,17.4740
T3,M4C,dynamic,0.6000,5902.8204,20.7901
T3,M4C,dynamic,1.0000,5408.5811,27.4223
