tariff,mode,design,ep_hours,P_kw,E_kwh,m3_savings_pct,m3_cost,m3_pi_loc,m3_cv,m4_savings_pct,m4_cost,peak_import_kw,peak_export_kw,grid_import_kwh,cycles,ces_peak_ch_kw
T0,dynamic,A,2.0000,60.3770,120.7540,17.8237,3085.3242,0.0600,0.2154,15.1915,3184.1509,10.8200,11.6200,22901.4835,67.0831,13.4700
T0,dynamic,A,4.0000,30.1885,120.7540,17.8237,3085.3242,0.0600,0.2154,15.1915,3184.1509,10.8200,11.6200,22901.4835,67.0831,13.4700
T0,dynamic,A,6.0000,20.1257,120.7540,17.8237,3085.3242,0.0600,0.2154,15.1915,3184.1509,10.8200,11.6200,22901.4835,67.0831,13.4700
T0,dynamic,A,8.0000,15.0942,120.7540,17.8237,3085.3242,0.0600,0.2154,15.1915,3184.1509,10.8200,11.6200,22901.4835,67.0831,13.4700
T0,dynamic,A,10.0000,12.0754,120.7540,17.8222,3085.3821,0.0600,0.2153,15.1904,3184.1919,10.8200,11.9100,22902.7421,67.0716,12.0754
T0,dynamic,B,2.0000,60.3770,120.7540,37.4674,2347.8005,0.0600,0.5030,38.1961,2320.4382,60.3770,12.5100,28535.6123,198.6119,60.3770
T0,dynamic,B,4.0000,30.1885,120.7540,34.9365,2442.8226,0.0600,0.5592,37.3900,2350.7038,30.1885,12.2400,27543.2936,192.6886,30.1885
T0,dynamic,B,6.0000,20.1257,120.7540,32.4743,2535.2675,0.0600,0.6130,36.1850,2395.9467,20.1257,12.2400,26856.6686,185.3517,20.1257
T0,dynamic,B,8.0000,15.0942,120.7540,30.2950,2617.0867,0.0600,0.6510,34.7745,2448.9060,15.5300,12.5100,26104.0021,176.1784,15.0942
T0,dynamic,B,10.0000,12.0754,120.7540,28.6850,2677.5368,0.0600,0.7214,34.4504,2461.0743,15.5300,12.5100,25506.3960,172.6812,12.0754
T0,dynamic,C,2.0000,60.3770,120.7540,83.5365,618.1243,0.0600,0.3953,16.7796,3124.5284,60.3770,60.3770,95031.3340,613.8081,60.3770
T0,dynamic,C,4.0000,30.1885,120.7540,69.4294,1147.7806,0.0600,0.3437,23.5742,2869.4203,30.1885,30.1885,78996.5137,529.2596,30.1885
T0,dynamic,C,6.0000,20.1257,120.7540,56.8326,1620.7272,0.0600,0.3080,25.6693,2790.7607,20.1257,20.1257,63160.3333,420.0810,20.1257
T0,dynamic,C,8.0000,15.0942,120.7540,47.0665,1987.3998,0.0600,0.2825,26.1668,2772.0832,15.5300,15.5300,52006.0182,336.7593,15.0942
T0,dynamic,C,10.0000,12.0754,120.7540,40.4954,2234.1126,0.0600,0.2819,27.7313,2713.3443,15.5300,15.5300,45861.2156,293.1499,12.0754
T1,dynamic,A,2.0000,60.3770,120.7540,12.0467,6554.3755,0.0600,0.2355,13.9057,6415.8422,10.8200,11.9100,22886.2135,67.2232,13.4700
T1,dynamic,A,4.0000,30.1885,120.7540,12.0467,6554.3755,0.0600,0.2355,13.9057,6415.8422,10.8200,11.9100,22886.2135,67.2232,13.4700
T1,dynamic,A,6.0000,20.1257,120.7540,12.0467,6554.3755,0.0600,0.2355,13.9057,6415.8422,10.8200,11.9100,22886.2135,67.2232,13.4700
T1,dynamic,A,8.0000,15.0942,120.7540,12.0467,6554.3755,0.0600,0.2355,13.9057,6415.8422,10.8200,11.9100,22886.2135,67.2232,13.4700
T1,dynamic,A,10.0000,12.0754,120.7540,12.0453,6554.4811,0.0600,0.2354,13.9045,6415.9274,10.8200,11.9100,22887.4721,67.2117,12.0754
T1,dynamic,B,2.0000,60.3770,120.7540,19.6332,5989.0174,0.0700,0.4614,23.2615,5718.6361,60.3770,12.5100,26579.4756,178.8352,60.3770
T1,dynamic,B,4.0000,30.1885,120.7540,18.8382,6048.2625,0.0600,0.5137,23.2262,5721.2637,30.1885,12.2400,25834.1416,174.0857,30.1885
T1,dynamic,B,6.0000,20.1257,120.7540,17.9457,6114.7768,0.0600,0.5516,22.9006,5745.5310,20.1257,12.2400,25234.5197,167.1116,20.1257
T1,dynamic,B,8.0000,15.0942,120.7540,17.1824,6171.6554,0.0600,0.5709,22.4083,5782.2142,15.5300,12.2400,24795.1032,158.8086,15.0942
T1,dynamic,B,10.0000,12.0754,120.7540,16.6220,6213.4214,0.0600,0.6240,22.5092,5774.6961,15.5300,12.2400,24311.2936,156.0622,12.0754
T1,dynamic,C,2.0000,60.3770,120.7540,39.1156,4537.1726,0.0600,0.2480,15.4236,6302.7255,60.3770,60.3770,80430.2007,534.9288,60.3770
T1,dynamic,C,4.0000,30.1885,120.7540,33.4672,4958.0972,0.0600,0.2010,16.6971,6207.8223,30.1885,30.1885,68326.6458,446.5969,30.1885
T1,dynamic,C,6.0000,20.1257,120.7540,28.4616,5331.1153,0.0600,0.1394,17.7323,6130.6772,20.1257,20.1257,55581.5952,352.4137,20.1257
T1,dynamic,C,8.0000,15.0942,120.7540,24.5498,5622.6292,0.0600,0.0870,18.1163,6102.0635,15.5300,15.5300,46515.6418,283.4303,15.0942
T1,dynamic,C,10.0000,12.0754,120.7540,21.8653,5822.6853,0.0600,0.0879,18.8317,6048.7473,15.5300,15.5300,41297.4811,247.4499,12.0754
T2,dynamic,A,2.0000,60.3770,120.7540,8.3646,6828.7780,0.0600,0.4244,14.1213,6399.7832,10.8200,12.5100,22871.4035,67.3591,13.4700
T2,dynamic,A,4.0000,30.1885,120.7540,8.3646,6828.7780,0.0600,0.4244,14.1213,6399.7832,10.8200,12.5100,22871.4035,67.3591,13.4700
T2,dynamic,A,6.0000,20.1257,120.7540,8.3646,6828.7780,0.0600,0.4244,14.1213,6399.7832,10.8200,11.9100,22871.4035,67.3591,13.4700
T2,dynamic,A,8.0000,15.0942,120.7540,8.3646,6828.7780,0.0600,0.4244,14.1213,6399.7832,10.8200,11.9100,22871.4035,67.3591,13.4700
T2,dynamic,A,10.0000,12.0754,120.7540,8.3633,6828.8716,0.0600,0.4244,14.1202,6399.8598,10.8200,12.4300,22872.6621,67.3476,12.0754
T2,dynamic,B,2.0000,60.3770,120.7540,14.8054,6348.8015,0.0600,0.9453,24.6633,5614.1820,27.4500,12.0500,25096.3956,185.3227,17.3000
T2,dynamic,B,4.0000,30.1885,120.7540,14.7996,6349.2315,0.0600,0.9460,24.6644,5614.0964,27.4500,12.2000,25094.0269,185.3213,17.3000
T2,dynamic,B,6.0000,20.1257,120.7540,14.7638,6351.9043,0.0600,0.9407,24.5714,5621.0255,20.1257,12.2000,25082.9795,184.3062,17.3000
T2,dynamic,B,8.0000,15.0942,120.7540,14.2693,6388.7501,0.0600,0.9310,24.0525,5659.6963,15.5300,12.0500,24768.1746,176.7214,15.0942
T2,dynamic,B,10.0000,12.0754,120.7540,13.7089,6430.5162,0.0600,0.9731,24.0746,5658.0524,15.5300,12.4300,24365.9653,173.2796,12.0754
T2,dynamic,C,2.0000,60.3770,120.7540,31.1167,5133.2673,0.0600,0.1035,18.1189,6101.8762,44.0000,41.1165,80914.0979,561.9213,34.6000
T2,dynamic,C,4.0000,30.1885,120.7540,29.5054,5253.3368,0.0600,0.1154,19.2017,6021.1817,30.1885,29.7492,70758.9421,489.3774,24.2000
T2,dynamic,C,6.0000,20.1257,120.7540,26.2733,5494.1969,0.0600,0.1310,19.3246,6012.0276,20.1257,20.1257,62238.5694,421.7974,20.1257
T2,dynamic,C,8.0000,15.0942,120.7540,23.5291,5698.7041,0.0600,0.1715,19.6696,5986.3121,15.5300,15.5300,51649.2285,339.4047,15.0942
T2,dynamic,C,10.0000,12.0754,120.7540,20.2491,5943.1309,0.0600,0.2650,20.4758,5926.2398,15.5300,15.5300,45348.7424,295.9301,12.0754
T3,dynamic,A,2.0000,60.3770,120.7540,10.0559,6702.7480,0.0600,0.3411,14.0233,6407.0882,10.8200,12.1300,22871.4035,67.3591,13.4700
T3,dynamic,A,4.0000,30.1885,120.7540,10.0559,6702.7480,0.0600,0.3411,14.0233,6407.0882,10.8200,12.1300,22871.4035,67.3591,13.4700
T3,dynamic,A,6.0000,20.1257,120.7540,10.0559,6702.7480,0.0600,0.3411,14.0233,6407.0882,10.8200,12.0500,22871.4035,67.3591,13.4700
T3,dynamic,A,8.0000,15.0942,120.7540,10.0559,6702.7480,0.0600,0.3411,14.0233,6407.0882,10.8200,12.0500,22871.4035,67.3591,13.4700
T3,dynamic,A,10.0000,12.0754,120.7540,10.0546,6702.8447,0.0600,0.3411,14.0222,6407.1686,10.8200,11.9100,22872.6621,67.3476,12.0754
T3,dynamic,B,2.0000,60.3770,120.7540,16.0160,6258.5892,0.0600,0.7738,23.7746,5680.4089,27.4500,11.6200,25018.6558,174.8717,17.3000
T3,dynamic,B,4.0000,30.1885,120.7540,16.0008,6259.7253,0.0600,0.7752,23.7656,5681.0826,27.4500,12.2000,25036.8934,174.8717,17.3000
T3,dynamic,B,6.0000,20.1257,120.7540,15.9834,6261.0207,0.0600,0.7657,23.6244,5691.6072,20.1257,12.2000,25040.7163,173.5186,17.3000
T3,dynamic,B,8.0000,15.0942,120.7540,15.5119,6296.1598,0.0600,0.7569,23.1639,5725.9233,15.5300,12.2400,24684.1987,166.3083,15.0942
T3,dynamic,B,10.0000,12.0754,120.7540,14.9635,6337.0252,0.0600,0.8042,23.2246,5721.3961,15.5300,12.2000,24265.9342,163.3827,12.0754
T3,dynamic,C,2.0000,60.3770,120.7540,33.3356,4967.9113,0.0600,0.1498,16.1771,6246.5831,53.0000,49.2390,81951.3406,552.8608,43.6000
T3,dynamic,C,4.0000,30.1885,120.7540,30.9028,5149.2099,0.0600,0.1182,17.4740,6149.9401,30.1885,30.1885,72940.9294,490.9469,30.1885
T3,dynamic,C,6.0000,20.1257,120.7540,27.1035,5432.3397,0.0600,0.0916,18.5635,6068.7473,20.1257,20.1257,58979.1687,387.5865,20.1257
T3,dynamic,C,8.0000,15.0942,120.7540,23.8799,5672.5612,0.0600,0.1031,18.8994,6043.7169,15.5300,15.5300,48974.2208,310.4670,15.0942
T3,dynamic,C,10.0000,12.0754,120.7540,20.8592,5897.6691,0.0600,0.1742,19.6437,5988.2500,15.5300,15.5300,43304.9858,271.2546,12.0754
