label,model,mode,design,pi_loc,total_cost,savings_pct,cv_savings,pv_mean_savings,nopv_mean_savings,third_party_revenue
M0,M0,flat,-,,7230.0229,0.0000,,,,
M1,M1,flat,-,0.0600,6713.9838,7.1374,0.5888,2.7963,10.0744,
M1,M1,flat,-,0.0700,6713.9838,7.1374,0.3979,4.0326,9.1078,
M1,M1,flat,-,0.0800,6713.9838,7.1374,0.2264,5.2690,8.1413,
M1,M1,flat,-,0.0900,6713.9838,7.1374,0.1645,6.5054,7.1747,
M1,M1,flat,-,0.1000,6713.9838,7.1374,0.2956,7.7417,6.2082,
M1,M1,flat,-,0.1100,6713.9838,7.1374,0.4835,8.9781,5.2416,
M1,M1,flat,-,0.1200,6713.9838,7.1374,0.6842,10.2145,4.2750,
M2,M2,flat,-,0.0600,6124.9318,15.2848,1.0327,28.2219,4.7922,
M2,M2,flat,-,0.0700,6124.9318,15.2848,1.0785,28.8622,4.3322,
M2,M2,flat,-,0.0800,6124.9318,15.2848,1.1243,29.5025,3.8722,
M2,M2,flat,-,0.0900,6124.9318,15.2848,1.1700,30.1429,3.4122,
M2,M2,flat,-,0.1000,6124.9318,15.2848,1.2156,30.7832,2.9522,
M2,M2,flat,-,0.1100,6124.9318,15.2848,1.2612,31.4235,2.4922,
M2,M2,flat,-,0.1200,6124.9318,15.2848,1.3068,32.0638,2.0322,
M3A,M3,flat,A,0.0600,6266.3814,13.3283,0.2856,9.4721,12.8697,
M3A,M3,flat,A,0.0700,6266.3814,13.3283,0.3322,11.8659,11.0127,
M3A,M3,flat,A,0.0800,6266.3814,13.3283,0.5092,14.2598,9.1558,
M3A,M3,flat,A,0.0900,6266.3814,13.3283,0.7284,16.6536,7.2989,
M3A,M3,flat,A,0.1000,6266.3814,13.3283,0.9626,19.0474,5.4419,
M3A,M3,flat,A,0.1100,6266.3814,13.3283,1.2040,21.4412,3.5850,
M3A,M3,flat,A,0.1200,6266.3814,13.3283,1.4499,23.8350,1.7281,
M4A,M4,flat,A,0.0600,6127.8243,15.2447,0.1268,12.7944,16.3590,-138.5571
M4A,M4,flat,A,0.0700,6119.8892,15.3545,0.1000,15.3482,14.6409,-146.4922
M4A,M4,flat,A,0.0800,6111.9542,15.4642,0.2680,17.9020,12.9227,-154.4273
M4A,M4,flat,A,0.0900,6104.0191,15.5740,0.4455,20.4558,11.2046,-162.3623
M4A,M4,flat,A,0.1000,6096.0840,15.6838,0.6222,23.0096,9.4864,-170.2974
M4A,M4,flat,A,0.1100,6088.1490,15.7935,0.7969,25.5634,7.7683,-178.2324
M4A,M4,flat,A,0.1200,6080.2139,15.9033,0.9693,28.1172,6.0501,-186.1675
M0,M0,tou,-,,7221.5352,0.0000,,,,
M1,M1,tou,-,0.0600,6700.9402,7.2089,0.5882,2.8282,10.1526,
M1,M1,tou,-,0.0700,6700.9402,7.2089,0.3982,4.0709,9.1862,
M1,M1,tou,-,0.0800,6700.9402,7.2089,0.2273,5.3136,8.2199,
M1,M1,tou,-,0.0900,6700.9402,7.2089,0.1635,6.5563,7.2536,
M1,M1,tou,-,0.1000,6700.9402,7.2089,0.2918,7.7990,6.2872,
M1,M1,tou,-,0.1100,6700.9402,7.2089,0.4779,9.0417,5.3209,
M1,M1,tou,-,0.1200,6700.9402,7.2089,0.6766,10.2844,4.3546,
M2,M2,tou,-,0.0600,6122.6791,15.2164,1.0265,28.0803,4.8257,
M2,M2,tou,-,0.0700,6122.6791,15.2164,1.0727,28.7303,4.3634,
M2,M2,tou,-,0.0800,6122.6791,15.2164,1.1188,29.3802,3.9010,
M2,M2,tou,-,0.0900,6122.6791,15.2164,1.1649,30.0301,3.4387,
M2,M2,tou,-,0.1000,6122.6791,15.2164,1.2109,30.6801,2.9764,
M2,M2,tou,-,0.1100,6122.6791,15.2164,1.2569,31.3300,2.5141,
M2,M2,tou,-,0.1200,6122.6791,15.2164,1.3027,31.9799,2.0518,
M3A,M3,tou,A,0.0600,6260.2768,13.3110,0.2956,9.0412,13.4187,
M3A,M3,tou,A,0.0700,6260.2768,13.3110,0.2806,11.4849,11.5115,
M3A,M3,tou,A,0.0800,6260.2768,13.3110,0.4421,13.9285,9.6042,
M3A,M3,tou,A,0.0900,6260.2768,13.3110,0.6636,16.3721,7.6970,
M3A,M3,tou,A,0.1000,6260.2768,13.3110,0.9035,18.8157,5.7898,
M3A,M3,tou,A,0.1100,6260.2768,13.3110,1.1516,21.2594,3.8825,
M3A,M3,tou,A,0.1200,6260.2768,13.3110,1.4047,23.7030,1.9753,
M4A,M4,tou,A,0.0600,6121.7197,15.2297,0.1666,12.4394,16.8043,-138.5571
M4A,M4,tou,A,0.0700,6113.7846,15.3395,0.0588,15.0434,15.0358,-146.4922
M4A,M4,tou,A,0.0800,6105.8495,15.4494,0.2266,17.6473,13.2673,-154.4273
M4A,M4,tou,A,0.0900,6097.9145,15.5593,0.4105,20.2512,11.4988,-162.3623
M4A,M4,tou,A,0.1000,6089.9794,15.6692,0.5933,22.8552,9.7302,-170.2974
M4A,M4,tou,A,0.1100,6082.0444,15.7791,0.7740,25.4591,7.9617,-178.2324
M4A,M4,tou,A,0.1200,6074.1093,15.8889,0.9525,28.0631,6.1932,-186.1675
M0,M0,dynamic,-,,7452.1078,0.0000,,,,
M1,M1,dynamic,-,0.0600,7107.7976,4.6203,0.5767,2.1091,6.7155,
M1,M1,dynamic,-,0.0700,7107.7976,4.6203,0.3222,3.2432,5.7574,
M1,M1,dynamic,-,0.0800,7107.7976,4.6203,0.1671,4.3772,4.7994,
M1,M1,dynamic,-,0.0900,7107.7976,4.6203,0.3430,5.5113,3.8414,
M1,M1,dynamic,-,0.1000,7107.7976,4.6203,0.6219,6.6453,2.8833,
M1,M1,dynamic,-,0.1100,7107.7976,4.6203,0.9221,7.7793,1.9253,
M1,M1,dynamic,-,0.1200,7107.7976,4.6203,1.2345,8.9134,0.9673,
M2,M2,dynamic,-,0.0600,6388.1563,14.2772,1.1896,28.2595,2.4404,
M2,M2,dynamic,-,0.0700,6388.1563,14.2772,1.2405,28.8503,1.9777,
M2,M2,dynamic,-,0.0800,6388.1563,14.2772,1.2914,29.4412,1.5150,
M2,M2,dynamic,-,0.0900,6388.1563,14.2772,1.3425,30.0320,1.0524,
M2,M2,dynamic,-,0.1000,6388.1563,14.2772,1.3937,30.6229,0.5897,
M2,M2,dynamic,-,0.1100,6388.1563,14.2772,1.4450,31.2137,0.1270,
M2,M2,dynamic,-,0.1200,6388.1563,14.2772,1.4964,31.8046,-0.3357,
M3A,M3,dynamic,A,0.0600,6554.3755,12.0467,0.2355,10.2076,10.8322,
M3A,M3,dynamic,A,0.0700,6554.3755,12.0467,0.3833,12.3778,8.9782,
M3A,M3,dynamic,A,0.0800,6554.3755,12.0467,0.6089,14.5480,7.1241,
M3A,M3,dynamic,A,0.0900,6554.3755,12.0467,0.8586,16.7181,5.2701,
M3A,M3,dynamic,A,0.1000,6554.3755,12.0467,1.1210,18.8883,3.4161,
M3A,M3,dynamic,A,0.1100,6554.3755,12.0467,1.3933,21.0584,1.5620,
M3A,M3,dynamic,A,0.1200,6554.3755,12.0467,1.6743,23.2286,-0.2920,
M3B,M3,dynamic,B,0.0600,6048.2625,18.8382,0.5137,16.8352,13.2215,
M3B,M3,dynamic,B,0.0700,6048.2625,18.8382,0.5169,19.2471,12.4603,
M3B,M3,dynamic,B,0.0800,6048.2625,18.8382,0.5490,21.6590,11.6991,
M3B,M3,dynamic,B,0.0900,6048.2625,18.8382,0.6001,24.0709,10.9379,
M3B,M3,dynamic,B,0.1000,6048.2625,18.8382,0.6618,26.4828,10.1768,
M3B,M3,dynamic,B,0.1100,6048.2625,18.8382,0.7284,28.8947,9.4156,
M3B,M3,dynamic,B,0.1200,6048.2625,18.8382,0.7968,31.3065,8.6544,
M3C,M3,dynamic,C,0.0600,4958.0972,33.4672,0.2010,40.3489,36.8413,
M3C,M3,dynamic,C,0.0700,4958.0972,33.4672,0.2142,42.5056,35.0958,
M3C,M3,dynamic,C,0.0800,4958.0972,33.4672,0.2448,44.6622,33.3504,
M3C,M3,dynamic,C,0.0900,4958.0972,33.4672,0.2874,46.8188,31.6049,
M3C,M3,dynamic,C,0.1000,4958.0972,33.4672,0.3377,48.9755,29.8595,
M3C,M3,dynamic,C,0.1100,4958.0972,33.4672,0.3928,51.1321,28.1140,
M3C,M3,dynamic,C,0.1200,4958.0972,33.4672,0.4512,53.2887,26.3686,
M4A,M4,dynamic,A,0.0600,6415.8422,13.9057,0.0375,13.3254,14.2462,-138.5333
M4A,M4,dynamic,A,0.0700,6407.9277,14.0119,0.1683,15.6462,12.5291,-146.4478
M4A,M4,dynamic,A,0.0800,6400.0131,14.1181,0.3537,17.9669,10.8120,-154.3624
M4A,M4,dynamic,A,0.0900,6392.0986,14.2243,0.5397,20.2876,9.0949,-162.2769
M4A,M4,dynamic,A,0.1000,6384.1841,14.3305,0.7257,22.6084,7.3778,-170.1915
M4A,M4,dynamic,A,0.1100,6376.2695,14.4367,0.9113,24.9291,5.6607,-178.1060
M4A,M4,dynamic,A,0.1200,6368.3550,14.5429,1.0967,27.2499,3.9436,-186.0205
M4B,M4,dynamic,B,0.0600,5721.2637,23.2262,0.1020,24.3486,21.4973,-326.9988
M4B,M4,dynamic,B,0.0700,5846.7062,21.5429,0.1939,24.3739,18.5657,-201.5563
M4B,M4,dynamic,B,0.0800,5972.1487,19.8596,0.3049,24.3992,15.6341,-76.1138
M4B,M4,dynamic,B,0.0900,6097.5912,18.1763,0.4378,24.4244,12.7024,49.3287
M4B,M4,dynamic,B,0.1000,6223.0337,16.4930,0.5987,24.4497,9.7708,174.7712
M4B,M4,dynamic,B,0.1100,6348.4762,14.8097,0.7972,24.4750,6.8392,300.2137
M4B,M4,dynamic,B,0.1200,6473.9187,13.1263,1.0477,24.5002,3.9076,425.6562
M4C,M4,dynamic,C,0.0600,6207.8223,16.6971,0.0535,17.0641,16.3183,1249.7251
M4C,M4,dynamic,C,0.0700,6211.3615,16.6496,0.1983,19.1534,14.5116,1253.2643
M4C,M4,dynamic,C,0.0800,6214.9006,16.6021,0.3514,21.2426,12.7049,1256.8035
M4C,M4,dynamic,C,0.0900,6218.4398,16.5546,0.5077,23.3319,10.8982,1260.3426
M4C,M4,dynamic,C,0.1000,6221.9790,16.5071,0.6669,25.4212,9.0915,1263.8818
M4C,M4,dynamic,C,0.1100,6225.5181,16.4596,0.8289,27.5105,7.2848,1267.4210
M4C,M4,dynamic,C,0.1200,6229.0573,16.4121,0.9937,29.5998,5.4781,1270.9601
